GROUP,PACKAGE,CLASS,INSTRUCTION_MISSED,INSTRUCTION_COVERED,BRANCH_MISSED,BRANCH_COVERED,LINE_MISSED,LINE_COVERED,COMPLEXITY_MISSED,COMPLEXITY_COVERED,METHOD_MISSED,METHOD_COVERED
Doctor-Patient-Portal Maven Webapp,com.hms.dao,DoctorDAO,0,597,0,18,0,195,0,24,0,15
Doctor-Patient-Portal Maven Webapp,com.hms.dao,AppointmentDAO,0,493,0,8,0,132,0,11,0,7
Doctor-Patient-Portal Maven Webapp,com.hms.dao,SpecialistDAO,0,74,0,2,0,27,0,4,0,3
Doctor-Patient-Portal Maven Webapp,com.hms.dao,UserDAO,0,155,0,4,0,54,0,7,0,5
Doctor-Patient-Portal Maven Webapp,com.hms.doctor.servlet,UpdateStatus,51,3,2,0,15,1,2,1,1,1
Doctor-Patient-Portal Maven Webapp,com.hms.doctor.servlet,DoctorChangePassword,55,3,4,0,14,1,3,1,1,1
Doctor-Patient-Portal Maven Webapp,com.hms.doctor.servlet,DoctorLogoutServlet,0,17,0,0,0,6,0,2,0,2
Doctor-Patient-Portal Maven Webapp,com.hms.doctor.servlet,DoctorLoginServlet,39,3,2,0,11,1,2,1,1,1
Doctor-Patient-Portal Maven Webapp,com.hms.doctor.servlet,DoctorEditProfileServlet,84,3,2,0,23,1,2,1,1,1
Doctor-Patient-Portal Maven Webapp,com.hms.db,DBConnection,17,0,0,0,7,0,2,0,2,0
Doctor-Patient-Portal Maven Webapp,com.hms.entity,Doctor,0,110,0,0,0,45,0,19,0,19
Doctor-Patient-Portal Maven Webapp,com.hms.entity,Specialist,0,26,0,0,0,12,0,6,0,6
Doctor-Patient-Portal Maven Webapp,com.hms.entity,Appointment,0,162,0,0,0,65,0,27,0,27
Doctor-Patient-Portal Maven Webapp,com.hms.entity,User,0,68,0,0,0,26,0,12,0,12
Doctor-Patient-Portal Maven Webapp,com.hms.user.servlet,UserLoginServlet,39,3,2,0,11,1,2,1,1,1
Doctor-Patient-Portal Maven Webapp,com.hms.user.servlet,AppointmentServlet,88,3,2,0,20,1,2,1,1,1
Doctor-Patient-Portal Maven Webapp,com.hms.user.servlet,UserLogoutServlet,0,17,0,0,0,6,0,2,0,2
Doctor-Patient-Portal Maven Webapp,com.hms.user.servlet,UserRegisterServlet,54,3,2,0,16,1,2,1,1,1
Doctor-Patient-Portal Maven Webapp,com.hms.user.servlet,MyNewServlet,0,17,0,0,0,6,0,3,0,3
Doctor-Patient-Portal Maven Webapp,com.hms.user.servlet,ChangePasswordServlet,55,3,4,0,14,1,3,1,1,1
Doctor-Patient-Portal Maven Webapp,com.hms.admin.servlet,DeleteDoctorServlet,36,3,2,0,10,1,2,1,1,1
Doctor-Patient-Portal Maven Webapp,com.hms.admin.servlet,SpecialistServlet,35,3,2,0,10,1,2,1,1,1
Doctor-Patient-Portal Maven Webapp,com.hms.admin.servlet,AdminLogoutServlet,0,17,0,0,0,6,0,2,0,2
Doctor-Patient-Portal Maven Webapp,com.hms.admin.servlet,AdminLoginServlet,3,41,0,4,2,11,0,4,0,2
Doctor-Patient-Portal Maven Webapp,com.hms.admin.servlet,UpdateDoctorServlet,80,3,2,0,21,1,2,1,1,1
Doctor-Patient-Portal Maven Webapp,com.hms.admin.servlet,DoctorServlet,74,3,2,0,20,1,2,1,1,1
